URL,Type de page,Mention LinkedIn,Mention Sales Navigator,Mention Sales Nav,Contexte / Extrait
https://www.humanlinker.com,Homepage,Oui,Oui (logo),Non,"LinkedIn Comment generator, témoignage Scaleway: 'Humanlinker alongside LinkedIn', logo Salesnavigator intégrations"
https://www.humanlinker.com/fr,Homepage FR,Oui,Oui (logo),Non,"LinkedIn Comment generator, Suivre son marché sur LinkedIn, logo Salesnavigator"
https://www.humanlinker.com/pricing,Pricing,Oui,Oui,Oui,"LinkedIn accounts, LinkedIn Invitation/Messages/Comments/InMails Steps, SalesNavigator import of contacts & lists (Extension)"
https://www.humanlinker.com/fr/tarifs,Pricing FR,Oui,Oui,Oui,"Connecter LinkedIn, Étapes Linkedin (Invitation/Messages/Commentaires/InMails), Import SalesNavigator des contacts & listes"
https://www.humanlinker.com/copywriting-by-ai/writing-your-messages-1tot1,Copywriting,Oui,Oui (logo),Non,"Icebreakers LinkedIn, Commentaires LinkedIn, logo Salesnavigator"
https://www.humanlinker.com/fr/copywriting-by-ai/redaction-de-messages-par-ia,Copywriting FR,Oui,Oui (logo),Non,"Icebreakers Linkedin, Commentaires Linkedin, logo Salesnavigator"
https://www.humanlinker.com/copywriting-by-ai/writing-your-sequences,Sequences,Oui,Oui (logo),Non,"From LinkedIn (sélection contacts), Complete Linkedin profil analysis, logo Salesnavigator"
https://www.humanlinker.com/fr/copywriting-by-ai/generation-de-campagnes-par-ia,Sequences FR,Oui,Oui (logo),Non,"À partir de LinkedIn, Analyse complète du profil LinkedIn, logo Salesnavigator"
https://www.humanlinker.com/copywriting-by-ai/automated-message-sending,Automated Sending,Oui,Oui (logo),Non,"Send messages from your LinkedIn Account, LinkedIn sending volumes, logo Salesnavigator"
https://www.humanlinker.com/fr/copywriting-by-ai/engagement-multicanal,Automated Sending FR,Oui,Oui (logo),Non,"Envoyez des messages depuis votre compte LinkedIn, logo Salesnavigator"
https://www.humanlinker.com/copywriting-by-ai/unified-inbox,Unified Inbox,Non,Oui (logo),Non,"Logo Salesnavigator dans les intégrations"
https://www.humanlinker.com/commercial-intelligence/ai-sales-assistant,AI Sales Assistant,Non,Oui (logo),Non,"Logo Salesnavigator parmi les intégrations"
https://www.humanlinker.com/commercial-intelligence/buying-signals,Buying Signals,Non,Oui (logo),Non,"Logo Salesnavigator parmi les 10+ intégrations"
https://www.humanlinker.com/fr/commercial-intelligence/detection-des-signaux-dachat,Buying Signals FR,Non,Oui (logo),Non,"Logo Salesnavigator parmi les outils intégrés"
https://www.humanlinker.com/database-enrichment/b2b-lead-recommendation,Lead Recommendation,Oui,Non,Non,"Stop extracting contacts from Linkedin manually"
https://www.humanlinker.com/fr/database-enrichment/recommandations-de-leads-par-ia,Lead Recommendation FR,Non,Oui (logo),Non,"Logo Salesnavigator intégration"
https://www.humanlinker.com/database-enrichment/email-phone-number-enrichment,Email Enrichment,Non,Oui (logo),Non,"Logo Salesnavigator intégration"
https://www.humanlinker.com/saas-platform,SaaS Platform,Non,Oui (logo),Non,"Logo Salesnavigator dans Humanlinker Integration"
https://www.humanlinker.com/humanlinker-vs-crystal-knows,Comparatif Crystal,Oui,Oui,Non,"LinkedIn Comments, LinkedIn Notes, LinkedIn Sales Navigator dans tableau comparatif"
https://www.humanlinker.com/fr/humanlinker-vs-crystal-knows,Comparatif Crystal FR,Oui,Oui,Non,"LinkedIn Comments, LinkedIn Notes, LinkedIn Sales Navigator intégration"
https://www.humanlinker.com/humanlinker-vs-humantic,Comparatif Humantic,Oui,Oui,Non,"LinkedIn integration, LinkedIn Sales Navigator, LinkedIn Comment/Notes"
https://www.humanlinker.com/fr/humanlinker-vs-humantic,Comparatif Humantic FR,Oui,Oui,Non,"LinkedIn intégration, LinkedIn Sales Navigator"
https://www.humanlinker.com/humanlinker-vs-lavender,Comparatif Lavender,Oui,Oui,Non,"LinkedIn Comments, LinkedIn Note, LinkedIn Sales Navigator (Humanlinker a l'intégration pas Lavender)"
https://www.humanlinker.com/fr/humanlinker-vs-lavender,Comparatif Lavender FR,Oui,Oui,Non,"LinkedIn Comments, LinkedIn Note, LinkedIn Sales Navigator"
https://www.humanlinker.com/humanlinker-vs-regie-ai,Comparatif Regie.ai,Oui,Oui,Non,"LinkedIn Comments, LinkedIn Note, logo Sales Navigator"
https://www.humanlinker.com/fr/humanlinker-vs-regie-ai,Comparatif Regie.ai FR,Oui,Oui,Non,"LinkedIn Comment, LinkedIn Note, LinkedIn Sales Navigator"
https://www.humanlinker.com/humanlinker-for-large-companies,Enterprise,Oui,Non,Non,"Témoignage Scaleway: 'Humanlinker alongside LinkedIn'"
https://www.humanlinker.com/fr/humanlinker-for-large-companies,Enterprise FR,Oui,Non,Non,"Témoignage Scaleway: 'Humanlinker alongside LinkedIn'"
https://www.humanlinker.com/humanlinker-for-smbs,SMBs,Oui,Oui (logo),Non,"LinkedIn Comment generator, Sales Navigator intégration"
https://www.humanlinker.com/fr/humanlinker-pour-les-petites-entreprises,SMBs FR,Oui,Oui (logo),Non,"LinkedIn Comment generator, Sales Navigator intégration"
https://www.humanlinker.com/about,About,Oui (liens profils),Non,Non,"Liens 'See on LinkedIn' pour membres équipe"
https://www.humanlinker.com/fr/about,About FR,Oui (liens profils),Non,Non,"Liens 'Voir sur LinkedIn' pour membres équipe"
https://www.humanlinker.com/investors,Investors,Oui (liens profils),Non,Non,"Liens LinkedIn des investisseurs/conseillers"
https://www.humanlinker.com/fr/investors,Investors FR,Oui (liens profils),Non,Non,"Liens LinkedIn des investisseurs/conseillers"
https://www.humanlinker.com/fr/candidate-policy,Candidate Policy FR,Oui,Non,Non,"Lien LinkedIn dans les données personnelles traitées"
